[
{"id": 10901299, "title_fa": "شکلات صبحانه فندقی پارمیدا - 1000 گرم", "title_en": "", "url": "/product/dkp-10901299/شکلات-صبحانه-فندقی-پارمیدا-1000-گرم", "brand": "پارمیدا", "category": "[DF,صبحانه]", "item_category2": "کالاهای سوپرمارکتی", "item_category3": "صبحانه", "item_category4": "شکلات صبحانه و کرم بیسکویت", "item_category5": "", "main_image_url": "https://dkstatics-public.digikala.com/digikala-products/e639edcdde5dab826f7b8d0928fe823301644a25_1678958389.jpg?x-oss-process=image/resize,m_lfit,h_300,w_300/quality,q_80", "is_fast_shipping": true, "is_ship_by_seller": false, "min_price_in_last_month": 1369000, "seller_id": 1, "seller_title": "دیجی‌کالا", "seller_url": "https://www.digikala.com/seller/5A52N/", "selling_price": 1599000, "rrp_price": 2680000, "order_limit": 2, "is_incredible": true, "discount_percent": 40, "shipment_description": "موجود در انبار دیجی‌کالا", "has_lead_time": true},
{"id": 7932628, "title_fa": "پوشک بچه هانیز سایز 5 بسته 28 عددی", "title_en": "", "url": "/product/dkp-7932628/پوشک-بچه-هانیز-سایز-5-بسته-28-عددی", "brand": "هانیز", "category": "[BC,بهداشت کودک]", "item_category2": "اسباب بازی، کودک و نوزاد", "item_category3": "بهداشت و حمام", "item_category4": "لوازم تعویض", "item_category5": "پوشک کودک و نوزاد", "main_image_url": "https://dkstatics-public.digikala.com/digikala-products/25a3509464b031408045c6f657d55b0a4bebaf66_1661075759.jpg?x-oss-process=image/resize,m_lfit,h_300,w_300/quality,q_80", "is_fast_shipping": true, "is_ship_by_seller": false, "min_price_in_last_month": 1230000, "seller_id": 1, "seller_title": "دیجی‌کالا", "seller_url": "https://www.digikala.com/seller/5A52N/", "selling_price": 1230000, "rrp_price": 1550000, "order_limit": 5, "is_incredible": true, "discount_percent": 21, "shipment_description": "موجود در انبار دیجی‌کالا", "has_lead_time": true},
{"id": 917105, "title_fa": "پیاز زرد Fresh وزن 1 کیلوگرم", "title_en": "Fresh Yellow Onion 1 Kg", "url": "/product/dkp-917105/پیاز-زرد-fresh-وزن-1-کیلوگرم", "brand": "فرش", "category": "[FF,صیفی و سبزیجات]", "item_category2": "کالاهای سوپرمارکتی", "item_category3": "میوه و سبزیجات", "item_category4": "سبزیجات", "item_category5": "", "main_image_url": "https://dkstatics-public.digikala.com/digikala-products/d8c105a37c1c1b111a23471dc2c1276c093f1e3a_1639988013.jpg?x-oss-process=image/resize,m_lfit,h_300,w_300/quality,q_80", "is_fast_shipping": true, "is_ship_by_seller": false, "min_price_in_last_month": 169900, "seller_id": 1, "seller_title": "دیجی‌کالا", "seller_url": "https://www.digikala.com/seller/5A52N/", "selling_price": 173000, "rrp_price": 200000, "order_limit": 10, "is_incredible": true, "discount_percent": 14, "shipment_description": "موجود در انبار دیجی‌کالا", "has_lead_time": true},
{"id": 8256227, "title_fa": "اسپری پاک کننده و لکه بر مبل و فرش استونیش مدل 3X Permium حجم 750 میلی لیتر", "title_en": "", "url": "/product/dkp-8256227/اسپری-پاک-کننده-و-لکه-بر-مبل-و-فرش-استونیش-مدل-3x-permium-حجم-750-میلی-لیتر", "brand": "استونیش", "category": "[HC,شوینده]", "item_category2": "کالاهای سوپرمارکتی", "item_category3": "بهداشت خانگی", "item_category4": "مواد شوینده", "item_category5": "شوینده فرش و مبل", "main_image_url": "https://dkstatics-public.digikala.com/digikala-products/2d470101ab845e2860ae9b342c5e307946556ea4_1654000756.jpg?x-oss-process=image/resize,m_lfit,h_300,w_300/quality,q_80", "is_fast_shipping": false, "is_ship_by_seller": false, "min_price_in_last_month": 721700, "seller_id": 149025, "seller_title": "استونیش", "seller_url": "https://www.digikala.com/seller/AGV3V/", "selling_price": 749900, "rrp_price": 937400, "order_limit": 12, "is_incredible": true, "discount_percent": 20, "shipment_description": "موجود در انبار دیجی‌کالا", "has_lead_time": true},
{"id": 1652570, "title_fa": "برنج طبیعت مقدار 10 کیلوگرم", "title_en": "Tabiat Rice 10 kg", "url": "/product/dkp-1652570/برنج-طبیعت-مقدار-10-کیلوگرم", "brand": "طبیعت", "category": "[DF,خوار و بار]", "item_category2": "کالاهای سوپرمارکتی", "item_category3": "کالاهای اساسی و خوار و بار", "item_category4": "برنج", "item_category5": "برنج خارجی", "main_image_url": "https://dkstatics-public.digikala.com/digikala-products/111356385.jpg?x-oss-process=image/resize,m_lfit,h_300,w_300/quality,q_80", "is_fast_shipping": true, "is_ship_by_seller": false, "min_price_in_last_month": 2400000, "seller_id": 1, "seller_title": "دیجی‌کالا", "seller_url": "https://www.digikala.com/seller/5A52N/", "selling_price": 5126000, "rrp_price": 5825000, "order_limit": 2, "is_incredible": true, "discount_percent": 12, "shipment_description": "موجود در انبار دیجی‌کالا", "has_lead_time": true},
{"id": 8511508, "title_fa": "روغن نیمه جامد لادن - 5 کیلوگرم", "title_en": "", "url": "/product/dkp-8511508/روغن-نیمه-جامد-لادن-5-کیلوگرم", "brand": "لادن", "category": "[DF,خوار و بار]", "item_category2": "کالاهای سوپرمارکتی", "item_category3": "کالاهای اساسی و خوار و بار", "item_category4": "روغن", "item_category5": "روغن جامد و نیمه جامد گیاهی", "main_image_url": "https://dkstatics-public.digikala.com/digikala-products/40f0b4174cae913fb06a34ee7ec016584809a52c_1696685297.jpg?x-oss-process=image/resize,m_lfit,h_300,w_300/quality,q_80", "is_fast_shipping": true, "is_ship_by_seller": false, "min_price_in_last_month": 3055000, "seller_id": 1, "seller_title": "دیجی‌کالا", "seller_url": "https://www.digikala.com/seller/5A52N/", "selling_price": 2829000, "rrp_price": 3215000, "order_limit": 2, "is_incredible": true, "discount_percent": 12, "shipment_description": "موجود در انبار دیجی‌کالا", "has_lead_time": true},
{"id": 334794, "title_fa": "پوشک مای بیبی آبی سری مهربان با پوست سایز 6 بسته 24 عددی", "title_en": "My Baby Chamomile Gentle with Skin Diaper Size 6 Pack of 24", "url": "/product/dkp-334794/پوشک-مای-بیبی-آبی-سری-مهربان-با-پوست-سایز-6-بسته-24-عددی", "brand": "مای بیبی", "category": "[BC,بهداشت کودک]", "item_category2": "اسباب بازی، کودک و نوزاد", "item_category3": "بهداشت و حمام", "item_category4": "لوازم تعویض", "item_category5": "پوشک کودک و نوزاد", "main_image_url": "https://dkstatics-public.digikala.com/digikala-products/91307c19429c7b5bbec2249d1353af2c018a7427_1702724910.jpg?x-oss-process=image/resize,m_lfit,h_300,w_300/quality,q_80", "is_fast_shipping": true, "is_ship_by_seller": false, "min_price_in_last_month": 1277000, "seller_id": 1, "seller_title": "دیجی‌کالا", "seller_url": "https://www.digikala.com/seller/5A52N/", "selling_price": 1430000, "rrp_price": 1658500, "order_limit": 5, "is_incredible": true, "discount_percent": 14, "shipment_description": "موجود در انبار دیجی‌کالا", "has_lead_time": true},
{"id": 2269612, "title_fa": "کنسرو ماهی تون در روغن گیاهی طبیعت - 180 گرم بسته 4 عددی", "title_en": "Tabiat Tuna Fish in Vegetable Oil - 180 gr Pack of 4", "url": "/product/dkp-2269612/کنسرو-ماهی-تون-در-روغن-گیاهی-طبیعت-180-گرم-بسته-4-عددی", "brand": "طبیعت", "category": "[DF,انواع کنسرو]", "item_category2": "کالاهای سوپرمارکتی", "item_category3": "کنسرو و غذای آماده", "item_category4": "کنسرو ماهی", "item_category5": "", "main_image_url": "https://dkstatics-public.digikala.com/digikala-products/fb2558ec27b2888184f857aaf8cd77fd6b5efb6b_1608367006.jpg?x-oss-process=image/resize,m_lfit,h_300,w_300/quality,q_80", "is_fast_shipping": true, "is_ship_by_seller": false, "min_price_in_last_month": 2676000, "seller_id": 1, "seller_title": "دیجی‌کالا", "seller_url": "https://www.digikala.com/seller/5A52N/", "selling_price": 2730000, "rrp_price": 3500000, "order_limit": 2, "is_incredible": true, "discount_percent": 22, "shipment_description": "موجود در انبار دیجی‌کالا", "has_lead_time": true},
{"id": 8256493, "title_fa": "اسپری لکه بر  استونیش مدل Premium Multi-Action حجم 750 میلی لیتر", "title_en": "", "url": "/product/dkp-8256493/اسپری-لکه-بر-استونیش-مدل-premium-multi-action-حجم-750-میلی-لیتر", "brand": "استونیش", "category": "[HC,شوینده]", "item_category2": "کالاهای سوپرمارکتی", "item_category3": "بهداشت خانگی", "item_category4": "مواد شوینده", "item_category5": "شوینده لباس", "main_image_url": "https://dkstatics-public.digikala.com/digikala-products/b7198abae43ce003583bdddde161aa00d9f7fdb7_1654067545.jpg?x-oss-process=image/resize,m_lfit,h_300,w_300/quality,q_80", "is_fast_shipping": false, "is_ship_by_seller": false, "min_price_in_last_month": 740500, "seller_id": 149025, "seller_title": "استونیش", "seller_url": "https://www.digikala.com/seller/AGV3V/", "selling_price": 749900, "rrp_price": 937400, "order_limit": 24, "is_incredible": true, "discount_percent": 20, "shipment_description": "موجود در انبار دیجی‌کالا", "has_lead_time": true},
{"id": 580801, "title_fa": "نودل با عصاره مرغ هاتی کارا - بسته 5 عددی", "title_en": "Hoti Kara Chicken Flavour Noodle - Pack of 5", "url": "/product/dkp-580801/نودل-با-عصاره-مرغ-هاتی-کارا-بسته-5-عددی", "brand": "هاتی کارا", "category": "[DF,خوار و بار]", "item_category2": "کالاهای سوپرمارکتی", "item_category3": "کالاهای اساسی و خوار و بار", "item_category4": "ماکارونی، پاستا، نودل و رشته", "item_category5": "نودل", "main_image_url": "https://dkstatics-public.digikala.com/digikala-products/113558836.jpg?x-oss-process=image/resize,m_lfit,h_300,w_300/quality,q_80", "is_fast_shipping": true, "is_ship_by_seller": false, "min_price_in_last_month": 412000, "seller_id": 1, "seller_title": "دیجی‌کالا", "seller_url": "https://www.digikala.com/seller/5A52N/", "selling_price": 489000, "rrp_price": 750000, "order_limit": 3, "is_incredible": true, "discount_percent": 35, "shipment_description": "موجود در انبار دیجی‌کالا", "has_lead_time": true},
{"id": 4714424, "title_fa": "قرص ماشين ظرفشويی هوم پلاس مدل Lemon بسته 48 عددی", "title_en": "", "url": "/product/dkp-4714424/قرص-ماشين-ظرفشويی-هوم-پلاس-مدل-lemon-بسته-48-عددی", "brand": "هوم پلاس", "category": "[HC,شوینده]", "item_category2": "کالاهای سوپرمارکتی", "item_category3": "بهداشت خانگی", "item_category4": "مواد شوینده", "item_category5": "شوینده ظروف", "main_image_url": "https://dkstatics-public.digikala.com/digikala-products/60a1fe29b4e8235eacaa407f86c08ed162477f9e_1703585220.jpg?x-oss-process=image/resize,m_lfit,h_300,w_300/quality,q_80", "is_fast_shipping": true, "is_ship_by_seller": false, "min_price_in_last_month": 2205000, "seller_id": 1, "seller_title": "دیجی‌کالا", "seller_url": "https://www.digikala.com/seller/5A52N/", "selling_price": 2490000, "rrp_price": 3150000, "order_limit": 5, "is_incredible": true, "discount_percent": 21, "shipment_description": "موجود در انبار دیجی‌کالا", "has_lead_time": true},
{"id": 459973, "title_fa": "رب گوجه فرنگی روژین مقدار 800 گرم ", "title_en": "Rojin Tomato Paste 800gr", "url": "/product/dkp-459973/رب-گوجه-فرنگی-روژین-مقدار-800-گرم", "brand": "روژین", "category": "[DF,خوار و بار]", "item_category2": "کالاهای سوپرمارکتی", "item_category3": "کالاهای اساسی و خوار و بار", "item_category4": "انواع رب", "item_category5": "رب و کنسرو گوجه فرنگی", "main_image_url": "https://dkstatics-public.digikala.com/digikala-products/7c391ac4335c87cc49b458650470ac240a6bf7da_1619600774.jpg?x-oss-process=image/resize,m_lfit,h_300,w_300/quality,q_80", "is_fast_shipping": true, "is_ship_by_seller": false, "min_price_in_last_month": 459000, "seller_id": 1, "seller_title": "دیجی‌کالا", "seller_url": "https://www.digikala.com/seller/5A52N/", "selling_price": 467500, "rrp_price": 550000, "order_limit": 2, "is_incredible": true, "discount_percent": 15, "shipment_description": "موجود در انبار دیجی‌کالا", "has_lead_time": true},
{"id": 729784, "title_fa": "عسل شیگوار - 1.8 کیلوگرم", "title_en": "Shigvar Honey - 1.8 Kg", "url": "/product/dkp-729784/عسل-شیگوار-18-کیلوگرم", "brand": "شیگوار", "category": "[DF,صبحانه]", "item_category2": "کالاهای سوپرمارکتی", "item_category3": "صبحانه", "item_category4": "عسل", "item_category5": "", "main_image_url": "https://dkstatics-public.digikala.com/digikala-products/3284348.jpg?x-oss-process=image/resize,m_lfit,h_300,w_300/quality,q_80", "is_fast_shipping": true, "is_ship_by_seller": false, "min_price_in_last_month": 1790000, "seller_id": 1, "seller_title": "دیجی‌کالا", "seller_url": "https://www.digikala.com/seller/5A52N/", "selling_price": 1892000, "rrp_price": 6308900, "order_limit": 5, "is_incredible": true, "discount_percent": 70, "shipment_description": "موجود در انبار دیجی‌کالا", "has_lead_time": true},
{"id": 9314864, "title_fa": "کالباس 90 درصد گوشت مرغ مهيا پروتئين - 250 گرم", "title_en": "", "url": "/product/dkp-9314864/کالباس-90-درصد-گوشت-مرغ-مهيا-پروتئين-250-گرم", "brand": "مهیا پروتئین", "category": "[FF,سوسیس و کالباس]", "item_category2": "کالاهای سوپرمارکتی", "item_category3": "مواد پروتئینی و تخم مرغ", "item_category4": "سوسیس و کالباس", "item_category5": "", "main_image_url": "https://dkstatics-public.digikala.com/digikala-products/11755d73e41ca36779df0adaef9b6b8575df50eb_1661770459.jpg?x-oss-process=image/resize,m_lfit,h_300,w_300/quality,q_80", "is_fast_shipping": true, "is_ship_by_seller": false, "min_price_in_last_month": 420000, "seller_id": 1, "seller_title": "دیجی‌کالا", "seller_url": "https://www.digikala.com/seller/5A52N/", "selling_price": 420000, "rrp_price": 750000, "order_limit": 10, "is_incredible": true, "discount_percent": 44, "shipment_description": "موجود در انبار دیجی‌کالا", "has_lead_time": true},
{"id": 8526785, "title_fa": "روغن سرخ کردنی غنچه - 1.5 لیتر ", "title_en": "", "url": "/product/dkp-8526785/روغن-سرخ-کردنی-غنچه-15-لیتر", "brand": "غنچه", "category": "[DF,خوار و بار]", "item_category2": "کالاهای سوپرمارکتی", "item_category3": "کالاهای اساسی و خوار و بار", "item_category4": "روغن", "item_category5": "روغن مایع سرخ کردنی", "main_image_url": "https://dkstatics-public.digikala.com/digikala-products/9437312ce7c2cdf0d95633ff1688e98414b94c03_1652782557.jpg?x-oss-process=image/resize,m_lfit,h_300,w_300/quality,q_80", "is_fast_shipping": true, "is_ship_by_seller": false, "min_price_in_last_month": 689700, "seller_id": 1, "seller_title": "دیجی‌کالا", "seller_url": "https://www.digikala.com/seller/5A52N/", "selling_price": 689700, "rrp_price": 831000, "order_limit": 4, "is_incredible": true, "discount_percent": 17, "shipment_description": "موجود در انبار دیجی‌کالا", "has_lead_time": true},
{"id": 3175448, "title_fa": " برنج هاشمی ممتاز طبیعت - 5 کیلوگرم", "title_en": "", "url": "/product/dkp-3175448/برنج-هاشمی-ممتاز-طبیعت-5-کیلوگرم", "brand": "طبیعت", "category": "[DF,خوار و بار]", "item_category2": "کالاهای سوپرمارکتی", "item_category3": "کالاهای اساسی و خوار و بار", "item_category4": "برنج", "item_category5": "برنج ایرانی", "main_image_url": "https://dkstatics-public.digikala.com/digikala-products/18f01a1690f6540dba1b143127c100f8dee0f84e_1638864255.jpg?x-oss-process=image/resize,m_lfit,h_300,w_300/quality,q_80", "is_fast_shipping": true, "is_ship_by_seller": false, "min_price_in_last_month": 4100000, "seller_id": 1, "seller_title": "دیجی‌کالا", "seller_url": "https://www.digikala.com/seller/5A52N/", "selling_price": 4100000, "rrp_price": 5050000, "order_limit": 2, "is_incredible": true, "discount_percent": 19, "shipment_description": "موجود در انبار دیجی‌کالا", "has_lead_time": true},
{"id": 8517440, "title_fa": "روغن آفتابگردان حاوی توکوفرول غنچه پلاس - 1500 میلی لیتر", "title_en": "", "url": "/product/dkp-8517440/روغن-آفتابگردان-حاوی-توکوفرول-غنچه-پلاس-1500-میلی-لیتر", "brand": "غنچه پلاس", "category": "[DF,خوار و بار]", "item_category2": "کالاهای سوپرمارکتی", "item_category3": "کالاهای اساسی و خوار و بار", "item_category4": "روغن", "item_category5": "روغن مایع آفتابگردان", "main_image_url": "https://dkstatics-public.digikala.com/digikala-products/6ea8d1688bd9dda01dc7f5716bb7c84e9d9c3a0d_1652694146.jpg?x-oss-process=image/resize,m_lfit,h_300,w_300/quality,q_80", "is_fast_shipping": true, "is_ship_by_seller": false, "min_price_in_last_month": 679700, "seller_id": 1, "seller_title": "دیجی‌کالا", "seller_url": "https://www.digikala.com/seller/5A52N/", "selling_price": 679700, "rrp_price": 819000, "order_limit": 5, "is_incredible": true, "discount_percent": 17, "shipment_description": "موجود در انبار دیجی‌کالا", "has_lead_time": true},
{"id": 82045, "title_fa": "شامپو ضد شوره فولیکا مخصوص موهای چرب حجم 200 میلی لیتر", "title_en": "Fulica Anti Dandruff Shampoo For Oily Hair 200ml", "url": "/product/dkp-82045/شامپو-ضد-شوره-فولیکا-مخصوص-موهای-چرب-حجم-200-میلی-لیتر", "brand": "فولیکا", "category": "[PC,لوازم بهداشتی مصرفی]", "item_category2": "زیبایی و سلامت", "item_category3": "لوازم بهداشتی", "item_category4": "شامپو و مراقبت مو", "item_category5": "شامپو مو", "main_image_url": "https://dkstatics-public.digikala.com/digikala-products/2a55a5a194894bbd5f07694a5c751b36cfdc9f61_1617518691.jpg?x-oss-process=image/resize,m_lfit,h_300,w_300/quality,q_80", "is_fast_shipping": true, "is_ship_by_seller": false, "min_price_in_last_month": 347000, "seller_id": 1, "seller_title": "دیجی‌کالا", "seller_url": "https://www.digikala.com/seller/5A52N/", "selling_price": 347000, "rrp_price": 771000, "order_limit": 2, "is_incredible": true, "discount_percent": 55, "shipment_description": "موجود در انبار دیجی‌کالا", "has_lead_time": true},
{"id": 98145, "title_fa": "دستمال توالت نانسی بسته 12 عددی", "title_en": "Nancy Toilet Paper Pack of 12", "url": "/product/dkp-98145/دستمال-توالت-نانسی-بسته-12-عددی", "brand": "نانسی", "category": "[HC,دستمال]", "item_category2": "کالاهای سوپرمارکتی", "item_category3": "بهداشت شخصی", "item_category4": "دستمال کاغذی", "item_category5": "", "main_image_url": "https://dkstatics-public.digikala.com/digikala-products/119089683.jpg?x-oss-process=image/resize,m_lfit,h_300,w_300/quality,q_80", "is_fast_shipping": false, "is_ship_by_seller": false, "min_price_in_last_month": 1290000, "seller_id": 1, "seller_title": "دیجی‌کالا", "seller_url": "https://www.digikala.com/seller/5A52N/", "selling_price": 1290000, "rrp_price": 1553103, "order_limit": 5, "is_incredible": true, "discount_percent": 17, "shipment_description": "موجود در انبار دیجی‌کالا", "has_lead_time": true}
]