[
{"id": 75325, "product_id": 82045, "seller_id": 1, "seller_title": "دیجی‌کالا", "seller_url": "https://www.digikala.com/seller/5A52N/", "selling_price": 347000, "rrp_price": 771000, "order_limit": 2, "is_incredible": true, "discount_percent": 55},
{"id": 4873446, "product_id": 82045, "seller_id": 109780, "seller_title": "فارم لند", "seller_url": "https://www.digikala.com/seller/A97EK/", "selling_price": 771000, "rrp_price": 771000, "order_limit": 8, "is_incredible": false, "discount_percent": 0},
{"id": 34670097, "product_id": 82045, "seller_id": 263575, "seller_title": "داروخانه حکیم گل", "seller_url": "https://www.digikala.com/seller/AY2TK/", "selling_price": 670000, "rrp_price": 670000, "order_limit": 3, "is_incredible": false, "discount_percent": 0},
{"id": 34943661, "product_id": 82045, "seller_id": 923253, "seller_title": "پیشتاز سلامت", "seller_url": "https://www.digikala.com/seller/E74Z7/", "selling_price": 651600, "rrp_price": 771000, "order_limit": 12, "is_incredible": false, "discount_percent": 15},
{"id": 35526340, "product_id": 82045, "seller_id": 4861, "seller_title": "جامبو", "seller_url": "https://www.digikala.com/seller/5AD97/", "selling_price": 651500, "rrp_price": 771000, "order_limit": 30, "is_incredible": false, "discount_percent": 15},
{"id": 41280675, "product_id": 82045, "seller_id": 1017880, "seller_title": "گالاردیا", "seller_url": "https://www.digikala.com/seller/EM6DP/", "selling_price": 651600, "rrp_price": 771000, "order_limit": 5, "is_incredible": false, "discount_percent": 15},
{"id": 44364661, "product_id": 82045, "seller_id": 483403, "seller_title": "وان کالا", "seller_url": "https://www.digikala.com/seller/CSZ49/", "selling_price": 651600, "rrp_price": 771000, "order_limit": 5, "is_incredible": false, "discount_percent": 15}
]